,Time,Data,Attack,knn,Exponentially Weighted Moving Average,Cumulative Sum Algorithm,3A Alarm
0,0,12012,0,1,0,0,0
1,1,4634,0,1,1,0,1
2,2,335,0,0,1,0,0
3,3,328,0,0,1,0,0
4,4,355,0,0,1,0,0
5,5,318,0,0,1,0,0
6,6,152,0,0,1,0,0
7,7,57,0,0,1,0,0
8,8,66,0,0,1,0,0
9,9,63,0,0,1,0,0
10,10,42,0,0,1,0,0
11,11,69,0,0,1,0,0
12,12,68,0,0,1,0,0
13,13,59,0,0,1,0,0
14,14,66,0,0,1,0,0
15,15,60,0,0,1,0,0
16,16,72,0,0,1,0,0
17,17,69,0,0,1,0,0
18,18,56,0,0,1,0,0
19,19,45,0,0,1,0,0
20,20,19,0,0,1,0,0
21,21,22,0,0,1,0,0
22,22,32,0,0,1,0,0
23,23,16,0,0,1,0,0
24,24,20,0,0,1,0,0
25,25,40,0,0,1,0,0
26,26,19,0,0,1,0,0
27,27,24,0,0,1,0,0
28,28,20,0,0,1,0,0
29,29,21,0,0,1,0,0
30,30,18,0,0,1,0,0
31,31,34,0,0,1,0,0
32,32,26,0,0,1,0,0
33,33,31,0,0,1,0,0
34,34,31,0,0,1,0,0
35,35,22,0,0,1,0,0
36,36,34,0,0,1,0,0
37,37,67,0,0,0,0,0
38,38,29,0,0,1,0,0
39,39,31,0,0,0,0,0
40,40,18,0,0,1,0,0
41,41,19,0,0,0,0,0
42,42,33,0,0,0,0,0
43,43,19,0,0,0,0,0
44,44,16,0,0,0,0,0
45,45,26,0,0,0,0,0
46,46,19,0,0,0,0,0
47,47,21,0,0,0,0,0
48,48,19,0,0,0,0,0
49,49,17,0,0,0,0,0
50,50,16,0,0,0,0,0
51,51,23,0,0,0,0,0
52,52,26,0,0,0,0,0
53,53,11,0,0,0,0,0
54,54,22,0,0,0,0,0
55,55,12,0,0,0,0,0
56,56,44,0,0,0,0,0
57,57,25,0,0,0,0,0
58,58,18,0,0,0,0,0
59,59,22,0,0,0,0,0
60,60,13,0,0,0,0,0
61,61,19,0,0,0,0,0
62,62,12,0,0,0,0,0
63,63,36,0,0,0,0,0
64,64,27,0,0,0,0,0
65,65,13,0,0,0,0,0
66,66,26,0,0,0,0,0
67,67,19,0,0,0,0,0
68,68,21,0,0,0,0,0
69,69,24,0,0,0,0,0
70,70,19,0,0,0,0,0
71,71,19,0,0,0,0,0
72,72,14,0,0,0,0,0
73,73,10,0,0,0,0,0
74,74,14,0,0,0,0,0
75,75,19,0,0,0,0,0
76,76,8,0,0,0,0,0
77,77,4,0,0,0,0,0
78,78,13,0,0,0,0,0
79,79,14,0,0,0,0,0
80,80,27,0,0,0,0,0
81,81,17,0,0,0,0,0
82,82,18,0,0,0,0,0
83,83,23,0,0,0,0,0
84,84,23,0,0,0,0,0
85,85,13,0,0,0,0,0
86,86,18,0,0,0,0,0
87,87,27,0,0,0,0,0
88,88,18,0,0,0,0,0
89,89,11,0,0,0,0,0
90,90,22,0,0,0,0,0
91,91,11,0,0,0,0,0
92,92,19,0,0,0,0,0
93,93,11,0,0,0,0,0
94,94,3,0,0,0,0,0
95,95,8,0,0,0,0,0
96,96,64,0,0,0,0,0
97,97,25,0,0,0,0,0
98,98,14,0,0,0,0,0
99,99,28,0,0,0,0,0
100,100,20,0,0,0,0,0
101,101,24,0,0,0,0,0
102,102,12,0,0,0,0,0
103,103,22,0,0,0,0,0
104,104,15,0,0,0,0,0
105,105,20,0,0,0,0,0
106,106,30,0,0,0,0,0
107,107,22,0,0,0,0,0
108,108,23,0,0,0,0,0
109,109,10,0,0,0,0,0
110,110,22,0,0,0,0,0
111,111,19,0,0,0,0,0
112,112,24,0,0,0,0,0
113,113,31,0,0,0,0,0
114,114,23,0,0,0,0,0
115,115,45,0,0,0,0,0
116,116,14,0,0,0,0,0
117,117,41,0,0,0,0,0
118,118,32,0,0,0,0,0
119,119,21,0,0,0,0,0
120,120,41,0,0,0,0,0
121,121,26,0,0,0,0,0
122,122,21,0,0,0,0,0
123,123,28,0,0,0,0,0
124,124,23,0,0,0,0,0
125,125,27,0,0,0,0,0
126,126,22,0,0,0,0,0
127,127,24,0,0,0,0,0
128,128,31,0,0,0,0,0
129,129,36,0,0,0,0,0
130,130,47,0,0,0,0,0
131,131,26,0,0,0,0,0
132,132,28,0,0,0,0,0
133,133,39,0,0,0,0,0
134,134,23,0,0,0,0,0
135,135,37,0,0,0,0,0
136,136,26,0,0,0,0,0
137,137,25,0,0,0,0,0
138,138,29,0,0,0,0,0
139,139,27,0,0,0,0,0
140,140,25,0,0,0,0,0
141,141,21,0,0,0,0,0
142,142,19,0,0,0,0,0
143,143,20,0,0,0,0,0
144,144,26,0,0,0,0,0
145,145,25,0,0,0,0,0
146,146,24,0,0,0,0,0
147,147,28,0,0,0,0,0
148,148,25,0,0,0,0,0
149,149,17,0,0,0,0,0
150,150,37,0,0,0,0,0
151,151,21,0,0,0,0,0
152,152,29,0,0,0,0,0
153,153,26,0,0,0,0,0
154,154,25,0,0,0,0,0
155,155,18,0,0,0,0,0
156,156,1,0,0,0,0,0
157,157,12,0,0,0,0,0
158,158,12,0,0,0,0,0
159,159,5,0,0,0,0,0
160,160,14,0,0,0,0,0
161,161,6,0,0,0,0,0
162,162,5,0,0,0,0,0
163,163,4,0,0,0,0,0
164,164,3,0,0,0,0,0
165,165,8,0,0,0,0,0
166,166,14,0,0,0,0,0
167,167,4,0,0,0,0,0
168,168,10,0,0,0,0,0
169,169,10,0,0,0,0,0
170,170,9,0,0,0,0,0
171,171,11,0,0,0,0,0
172,172,13,0,0,0,0,0
173,173,15,0,0,0,0,0
174,174,16,0,0,0,0,0
175,175,34,0,0,0,0,0
176,176,53,0,0,0,0,0
177,177,63,0,0,0,0,0
178,178,20,0,0,0,0,0
179,179,8,0,0,0,0,0
180,180,7,0,0,0,0,0
181,181,7,0,0,0,0,0
182,182,10,0,0,0,0,0
183,183,4,0,0,0,0,0
184,184,6,0,0,0,0,0
185,185,14,0,0,0,0,0
186,186,9,0,0,0,0,0
187,187,6,0,0,0,0,0
188,188,5,0,0,0,0,0
189,189,14,0,0,0,0,0
190,190,4,0,0,0,0,0
191,191,4,0,0,0,0,0
192,192,19,0,0,0,0,0
193,193,14,0,0,0,0,0
194,194,5,0,0,0,0,0
195,195,8,0,0,0,0,0
196,196,9,0,0,0,0,0
197,197,19,0,0,0,0,0
198,198,17,0,0,0,0,0
199,199,8,0,0,0,0,0
200,200,7,0,0,0,0,0
201,201,10,0,0,0,0,0
202,202,1,0,0,0,0,0
203,203,11,0,0,0,0,0
204,204,10,0,0,0,0,0
205,205,9,0,0,0,0,0
206,206,6,0,0,0,0,0
207,207,22,0,0,0,0,0
208,208,13,0,0,0,0,0
209,209,34,0,0,0,0,0
210,210,12,0,0,0,0,0
211,211,10,0,0,0,0,0
212,212,12,0,0,0,0,0
213,213,10,0,0,0,0,0
214,214,11,0,0,0,0,0
215,215,8,0,0,0,0,0
216,216,5,0,0,0,0,0
217,217,13,0,0,0,0,0
218,218,8,0,0,0,0,0
219,219,13,0,0,0,0,0
220,220,6,0,0,0,0,0
221,221,3,0,0,0,0,0
222,222,17,0,0,0,0,0
223,223,6,0,0,0,0,0
224,224,12,0,0,0,0,0
225,225,15,0,0,0,0,0
226,226,6,0,0,0,0,0
227,227,6,0,0,0,0,0
228,228,6,0,0,0,0,0
229,229,11,0,0,0,0,0
230,230,7,0,0,0,0,0
231,231,4,0,0,0,0,0
232,232,10,0,0,0,0,0
233,233,5,0,0,0,0,0
234,234,8,0,0,0,0,0
235,235,8,0,0,0,0,0
236,236,9,0,0,0,0,0
237,237,10,0,0,0,0,0
238,238,7,0,0,0,0,0
239,239,13,0,0,0,0,0
240,240,7,0,0,0,0,0
241,241,7,0,0,0,0,0
242,242,10,0,0,0,0,0
243,243,7,0,0,0,0,0
244,244,10,0,0,0,0,0
245,245,9,0,0,0,0,0
246,246,9,0,0,0,0,0
247,247,9,0,0,0,0,0
248,248,62,0,0,0,0,0
249,249,10,0,0,0,0,0
250,250,10,0,0,0,0,0
251,251,6,0,0,0,0,0
252,252,8,0,0,0,0,0
253,253,10,0,0,0,0,0
254,254,3,0,0,0,0,0
255,255,10,0,0,0,0,0
256,256,18,0,0,0,0,0
257,257,10,0,0,0,0,0
258,258,8,0,0,0,0,0
259,259,10,0,0,0,0,0
260,260,9,0,0,0,0,0
261,261,8,0,0,0,0,0
262,262,9,0,0,0,0,0
263,263,6,0,0,0,0,0
264,264,9,0,0,0,0,0
265,265,8,0,0,0,0,0
266,266,5,0,0,0,0,0
267,267,23,0,0,0,0,0
268,268,35,0,0,0,0,0
269,269,75,0,0,0,0,0
270,270,10,0,0,0,0,0
271,271,17,0,0,0,0,0
272,272,8,0,0,0,0,0
273,273,21,0,0,0,0,0
274,274,11,0,0,0,0,0
275,275,13,0,0,0,0,0
276,276,4,0,0,0,0,0
277,277,10,0,0,0,0,0
278,278,12,0,0,0,0,0
279,279,12,0,0,0,0,0
280,280,9,0,0,0,0,0
281,281,6,0,0,0,0,0
282,282,11,0,0,0,0,0
283,283,16,0,0,0,0,0
284,284,1,0,0,0,0,0
285,285,8,0,0,0,0,0
286,286,3,0,0,0,0,0
287,287,1,0,0,0,0,0
288,288,4,0,0,0,0,0
289,289,7,0,0,0,0,0
290,290,2,0,0,0,0,0
291,292,19,0,0,0,0,0
292,293,34,0,0,0,0,0
293,294,75,0,0,0,0,0
294,295,89,0,0,0,0,0
295,296,17,0,0,0,0,0
296,297,12,0,0,0,0,0
297,298,6,0,0,0,0,0
298,299,26,0,0,0,0,0
299,300,24,0,0,0,0,0
300,301,59,0,0,0,0,0
301,302,10,0,0,0,0,0
302,303,9,0,0,0,0,0
303,304,4,0,0,0,0,0
304,305,6,0,0,0,0,0
305,306,15,0,0,0,0,0
306,307,11,0,0,0,0,0
307,308,1,0,0,0,0,0
308,309,9,0,0,0,0,0
309,310,2,0,0,0,0,0
310,311,106,0,0,1,0,0
311,312,15,0,0,0,0,0
312,313,2,0,0,0,0,0
313,316,6,0,0,0,0,0
314,317,2,0,0,0,0,0
315,319,1,0,0,0,0,0
316,320,4,0,0,0,0,0
317,321,8,0,0,0,0,0
318,322,4,0,0,0,0,0
319,323,1,0,0,0,0,0
320,325,2,0,0,0,0,0
321,327,2,0,0,0,0,0
322,328,2,0,0,0,0,0
323,329,2,0,0,0,0,0
324,330,2,0,0,0,0,0
325,331,2,0,0,0,0,0
326,332,4,0,0,0,0,0
327,334,2,0,0,0,0,0
328,335,9,0,0,0,0,0
329,336,4,0,0,0,0,0
330,337,2,0,0,0,0,0
331,338,2,0,0,0,0,0
332,339,3,0,0,0,0,0
333,340,2,0,0,0,0,0
334,341,4,0,0,0,0,0
335,342,4,0,0,0,0,0
336,344,7,0,0,0,0,0
337,345,7,0,0,0,0,0
338,346,6,0,0,0,0,0
339,347,4,0,0,0,0,0
340,348,5,0,0,0,0,0
341,349,2,0,0,0,0,0
342,350,5,0,0,0,0,0
343,352,5,0,0,0,0,0
344,353,7,0,0,0,0,0
345,354,8,0,0,0,0,0
346,355,2,0,0,0,0,0
347,356,4,0,0,0,0,0
348,357,2,0,0,0,0,0
349,359,2,0,0,0,0,0
350,360,12,0,0,0,0,0
351,361,16,0,0,0,0,0
352,362,16,0,0,0,0,0
353,364,2,0,0,0,0,0
354,365,8,0,0,0,0,0
355,366,4,0,0,0,0,0
356,367,3,0,0,0,0,0
357,368,2,0,0,0,0,0
358,369,4,0,0,0,0,0
359,371,3,0,0,0,0,0
360,372,1,0,0,0,0,0
361,375,7,0,0,0,0,0
362,376,2,0,0,0,0,0
363,377,4,0,0,0,0,0
364,378,5,0,0,0,0,0
365,379,2,0,0,0,0,0
366,381,2,0,0,0,0,0
367,383,2,0,0,0,0,0
368,384,11,0,0,0,0,0
369,385,7,0,0,0,0,0
370,386,8,0,0,0,0,0
371,387,2,0,0,0,0,0
372,388,4,0,0,0,0,0
373,389,2,0,0,0,0,0
374,390,5,0,0,0,0,0
375,391,2,0,0,0,0,0
376,392,2,0,0,0,0,0
377,393,6,0,0,0,0,0
378,394,3,0,0,0,0,0
379,395,4,0,0,0,0,0
380,397,8,0,0,0,0,0
381,398,2,0,0,0,0,0
382,399,2,0,0,0,0,0
383,400,4,0,0,0,0,0
384,401,2,0,0,0,0,0
385,405,6,0,0,0,0,0
386,406,2,0,0,0,0,0
387,407,8,0,0,0,0,0
388,408,2,0,0,0,0,0
389,409,10,0,0,0,0,0
390,410,28,0,0,0,0,0
391,411,7,0,0,0,0,0
392,412,3,0,0,0,0,0
393,413,10,0,0,0,0,0
394,414,10,0,0,0,0,0
395,415,19,0,0,0,0,0
396,416,21,0,0,0,0,0
397,417,14,0,0,0,0,0
398,419,4,0,0,0,0,0
399,420,4,0,0,0,0,0
400,421,8,0,0,0,0,0
401,422,2,0,0,0,0,0
402,425,7,0,0,0,0,0
403,426,5,0,0,0,0,0
404,427,6,0,0,0,0,0
405,428,5,0,0,0,0,0
406,429,2,0,0,0,0,0
407,430,2,0,0,0,0,0
408,431,1,0,0,0,0,0
409,432,2,0,0,0,0,0
410,433,6,0,0,0,0,0
411,435,3,0,0,0,1,0
412,436,563,0,0,1,1,1
413,437,3,0,0,0,0,0
414,438,8,0,0,0,0,0
415,439,18,0,0,0,0,0
416,440,14,0,0,0,0,0
417,441,6,0,0,0,0,0
418,445,6,0,0,0,0,0
419,446,2,0,0,0,0,0
420,449,2,0,0,0,0,0
421,454,2,0,0,0,0,0
422,455,8,0,0,0,0,0
423,457,1,0,0,0,0,0
424,458,2,0,0,0,0,0
425,459,4,0,0,0,0,0
426,460,2,0,0,0,0,0
427,461,4,0,0,0,0,0
428,463,1,0,0,0,0,0
429,464,8,0,0,0,0,0
430,465,23,0,0,0,0,0
431,466,18,0,0,0,0,0
432,467,6,0,0,0,0,0
433,468,2,0,0,0,0,0
434,469,4,0,0,0,0,0
435,470,12,0,0,0,0,0
436,471,16,0,0,0,0,0
437,472,14,0,0,0,0,0
438,474,2,0,0,0,0,0
439,475,7,0,0,0,0,0
440,477,2,0,0,0,0,0
441,479,2,0,0,0,0,0
442,480,2,0,0,0,0,0
443,485,6,0,0,0,0,0
444,486,1,0,0,0,0,0
445,489,2,0,0,0,0,0
446,490,1,0,0,0,0,0
447,495,5,0,0,0,0,0
448,496,8,0,0,0,0,0
449,499,13,0,0,0,0,0
450,500,35,0,0,0,0,0
451,501,40,0,0,0,0,0
452,502,3,0,0,0,0,0
453,503,3,0,0,0,0,0
454,505,15,0,0,0,0,0
455,506,38,0,0,0,0,0
456,509,2,0,0,0,0,0
457,510,2,0,0,0,0,0
458,511,4,0,0,0,0,0
459,514,2,0,0,0,0,0
460,515,5,0,0,0,0,0
461,517,2,0,0,0,0,0
462,519,4,0,0,0,0,0
463,520,2,0,0,0,0,0
464,525,7,0,0,0,0,0
465,526,3,0,0,0,0,0
466,528,4,0,0,0,0,0
467,529,2,0,0,0,0,0
468,531,2,0,0,0,0,0
469,532,2,0,0,0,0,0
470,535,7,0,0,0,0,0
471,537,1,0,0,0,0,0
472,538,12,0,0,0,0,0
473,539,17,0,0,0,0,0
474,540,15,0,0,0,0,0
475,541,14,0,0,0,0,0
476,542,11,0,0,0,0,0
477,543,14,1,0,0,0,0
478,544,18,1,0,0,0,0
479,545,22,1,0,0,0,0
480,546,16,1,0,0,0,0
481,547,15,1,0,0,0,0
482,548,16,1,0,0,0,0
483,549,18,1,0,0,0,0
484,550,15,1,0,0,0,0
485,551,16,1,0,0,0,0
486,552,15,1,0,0,0,0
487,553,17,1,0,0,0,0
488,554,15,1,0,0,0,0
489,555,22,1,0,0,0,0
490,556,10,1,0,0,0,0
491,557,14,1,0,0,0,0
492,558,11,1,0,0,0,0
493,559,15,1,0,0,0,0
494,560,12,1,0,0,0,0
495,561,25,1,0,0,0,0
496,562,25,1,0,0,0,0
497,563,19,1,0,0,0,0
498,564,14,1,0,0,0,0
499,565,16,1,0,0,0,0
500,566,13,1,0,0,0,0
501,567,11,1,0,0,0,0
502,568,13,1,0,0,0,0
503,569,12,1,0,0,0,0
504,570,19,1,0,0,0,0
505,571,19,1,0,0,0,0
506,572,18,1,0,0,0,0
507,573,19,1,0,0,0,0
508,574,19,1,0,0,0,0
509,575,19,1,0,0,0,0
510,576,19,1,0,0,0,0
511,577,19,1,0,0,0,0
512,578,18,1,0,0,0,0
513,579,20,1,0,0,0,0
514,580,18,1,0,0,1,0
515,581,155,1,0,1,1,1
516,582,225,1,0,1,1,1
517,583,430,1,0,1,1,1
518,584,692,1,1,1,1,1
519,585,367,1,0,1,1,1
520,586,532,1,0,1,1,1
521,587,671,1,1,1,1,1
522,588,754,1,1,1,1,1
523,589,907,1,1,1,1,1
524,590,1019,1,1,1,1,1
525,591,948,1,1,1,1,1
526,592,857,1,1,1,1,1
527,593,750,1,1,1,0,1
528,594,746,1,1,1,1,1
529,595,445,1,0,0,1,0
530,596,347,1,0,1,1,1
531,597,251,1,0,1,1,1
532,598,331,1,0,1,1,1
533,599,457,1,0,0,1,0
534,600,511,1,0,0,1,0
535,601,276,1,0,1,1,1
536,602,222,1,0,1,0,0
537,603,205,1,0,1,0,0
538,604,215,1,0,1,0,0
539,605,243,1,0,1,0,0
540,606,137,1,0,1,0,0
541,607,174,1,0,1,0,0
542,608,243,1,0,1,0,0
543,609,165,1,0,1,0,0
544,610,135,1,0,1,0,0
545,611,92,1,0,1,0,0
546,612,51,1,0,1,0,0
547,613,35,1,0,1,0,0
548,614,23,1,0,1,0,0
549,615,49,1,0,1,0,0
550,616,80,1,0,1,0,0
551,617,127,1,0,1,0,0
552,618,112,1,0,1,0,0
553,619,183,1,0,0,0,0
554,620,83,1,0,1,0,0
555,621,102,1,0,1,0,0
556,622,81,1,0,1,0,0
557,623,38,1,0,1,0,0
558,624,22,1,0,1,0,0
559,625,19,1,0,1,0,0
560,626,69,1,0,0,0,0
561,627,34,1,0,1,0,0
562,628,27,1,0,1,0,0
563,629,22,1,0,1,0,0
564,630,25,1,0,1,0,0
565,631,61,1,0,0,0,0
566,632,72,1,0,0,0,0
567,633,100,1,0,0,0,0
568,634,73,1,0,0,0,0
569,635,69,1,0,0,0,0
570,636,72,1,0,0,0,0
571,637,24,1,0,0,0,0
572,638,18,1,0,0,0,0
573,639,21,1,0,0,0,0
574,640,17,1,0,0,0,0
575,641,13,1,0,0,0,0
576,642,14,1,0,0,0,0
577,643,13,1,0,0,0,0
578,644,13,1,0,0,0,0
579,645,13,1,0,0,0,0
580,646,16,1,0,0,1,0
581,647,143,1,0,1,1,1
582,648,246,1,0,1,1,1
583,649,509,1,0,1,1,1
584,650,709,1,1,1,1,1
585,651,878,1,1,1,1,1
586,652,1302,1,1,1,1,1
587,653,1489,1,1,1,1,1
588,654,1780,1,1,1,0,1
589,655,1687,1,1,1,0,1
590,656,1701,1,1,1,1,1
591,657,1774,1,1,1,1,1
592,658,1976,1,1,1,1,1
593,659,2194,1,1,1,1,1
594,660,2380,1,1,1,1,1
595,661,2731,1,1,1,1,1
596,662,2800,1,1,1,1,1
597,663,3482,1,1,1,0,1
598,664,3400,1,1,1,1,1
599,665,3648,1,1,1,0,1
600,666,3517,1,1,1,0,1
601,667,3502,1,1,1,1,1
602,668,3708,1,1,1,1,1
603,669,4437,1,1,1,1,1
604,670,4941,1,1,1,1,1
605,671,5534,1,1,1,1,1
606,672,5065,1,1,1,1,1
607,673,4982,1,1,1,1,1
608,674,6710,1,1,1,1,1
609,675,6148,1,1,1,1,1
610,676,6267,1,1,1,1,1
611,677,7486,1,1,1,1,1
612,678,7455,1,1,1,1,1
613,679,6580,1,1,1,1,1
614,680,6098,1,1,1,1,1
615,681,6783,1,1,1,1,1
616,682,6465,1,1,1,1,1
617,683,6804,1,1,1,1,1
618,684,7302,1,1,1,1,1
619,685,7104,1,1,1,1,1
620,686,6779,1,1,1,1,1
621,687,6355,1,1,1,1,1
622,688,6181,1,1,1,1,1
623,689,5513,1,1,1,1,1
624,690,6614,1,1,1,1,1
625,691,7370,1,1,1,1,1
626,692,6822,1,1,1,1,1
627,693,7124,1,1,1,1,1
628,694,6971,1,1,1,1,1
629,695,6217,1,1,1,1,1
630,696,6279,1,1,1,1,1
631,697,6471,1,1,1,0,1
632,698,6423,1,1,1,1,1
633,699,7173,1,1,1,1,1
634,700,7016,1,1,1,1,1
635,701,6652,1,1,1,1,1
636,702,6360,1,1,0,1,1
637,703,6017,1,1,1,1,1
638,704,4492,1,1,1,1,1
639,706,6830,1,1,1,1,1
640,707,6291,1,1,1,1,1
641,708,6335,1,1,1,1,1
642,709,6775,1,1,1,1,1
643,710,7657,1,1,1,1,1
644,711,8168,1,1,1,1,1
645,712,6557,1,1,0,1,1
646,713,7710,1,1,1,1,1
647,714,7863,1,1,1,1,1
648,715,6725,1,1,0,1,1
649,716,6355,1,1,1,1,1
650,717,7584,1,1,1,1,1
651,718,9737,1,1,1,1,1
652,719,11331,1,1,1,1,1
653,720,11785,1,1,1,1,1
654,721,10860,1,1,1,1,1
655,722,10196,1,1,1,1,1
656,723,9426,1,1,1,1,1
657,724,8893,1,1,1,0,1
658,725,8992,1,1,1,1,1
659,726,8573,1,1,1,1,1
660,727,8756,1,1,1,1,1
661,728,9389,1,1,1,1,1
662,729,8751,1,1,1,1,1
663,730,8461,1,1,0,1,1
664,731,8911,1,1,1,1,1
665,732,8273,1,1,1,1,1
666,733,7702,1,1,1,1,1
667,734,8466,1,1,0,1,1
668,735,9521,1,1,1,0,1
669,736,9533,1,1,1,1,1
670,737,9063,1,1,1,1,1
671,738,9598,1,1,1,1,1
672,739,9286,1,1,1,1,1
673,740,9630,1,1,1,1,1
674,741,10026,1,1,1,1,1
675,742,11242,1,1,1,1,1
676,743,9586,1,1,1,1,1
677,744,9250,1,1,1,1,1
678,745,9092,1,1,0,1,1
679,746,8419,1,1,1,1,1
680,747,8132,1,1,1,1,1
681,748,7190,1,1,1,1,1
682,749,6745,1,1,1,1,1
683,750,7154,1,1,1,1,1
684,751,7204,1,1,1,0,1
685,752,7075,1,1,1,1,1
686,753,7375,1,1,1,1,1
687,754,7108,1,1,1,1,1
688,755,7253,1,1,1,1,1
689,756,8233,1,1,1,1,1
690,757,6299,1,1,1,1,1
691,758,6921,1,1,1,1,1
692,759,8885,1,1,1,1,1
693,760,9129,1,1,1,1,1
694,761,8337,1,1,1,1,1
695,762,8343,1,1,1,1,1
696,763,8307,1,1,1,1,1
697,764,8201,1,1,0,1,1
698,765,7648,1,1,1,1,1
699,766,7503,1,1,1,1,1
700,767,6957,1,1,1,1,1
701,768,7307,1,1,1,1,1
702,769,8798,1,1,1,1,1
703,770,9202,1,1,1,1,1
704,771,9788,1,1,1,1,1
705,772,10060,1,1,1,1,1
706,773,9976,1,1,1,1,1
707,774,9476,1,1,1,1,1
708,775,10214,1,1,1,1,1
709,776,10739,1,1,1,1,1
710,777,9889,1,1,1,1,1
711,778,9924,1,1,1,1,1
712,779,9794,1,1,1,1,1
713,780,9988,1,1,1,1,1
714,781,9467,1,1,1,1,1
715,782,8651,1,1,1,1,1
716,783,9061,1,1,0,1,1
717,784,9844,1,1,1,1,1
718,785,8864,1,1,1,1,1
719,786,8703,1,1,1,1,1
720,787,8555,1,1,1,1,1
721,788,8533,1,1,1,1,1
722,789,8401,1,1,1,1,1
723,790,9286,1,1,1,1,1
724,791,10445,1,1,1,0,1
725,792,10351,1,1,1,1,1
726,793,10597,1,1,1,1,1
727,794,10237,1,1,1,1,1
728,795,10137,1,1,1,1,1
729,796,9502,1,1,0,1,1
730,797,10126,1,1,1,1,1
731,798,9470,1,1,0,1,1
732,799,9624,1,1,1,1,1
733,800,9885,1,1,1,1,1
734,801,9704,1,1,1,1,1
735,802,8841,1,1,1,1,1
736,803,9007,1,1,1,1,1
737,804,9126,1,1,1,1,1
738,806,6452,1,1,1,1,1
739,807,8537,1,1,1,0,1
740,808,8404,1,1,1,0,1
741,809,8355,1,1,1,1,1
742,810,8610,1,1,1,1,1
743,811,9092,1,1,1,1,1
744,812,9858,1,1,1,1,1
745,813,11531,1,1,1,1,1
746,814,11381,1,1,1,1,1
747,815,10606,1,1,1,1,1
748,816,10024,1,1,1,1,1
749,817,9665,1,1,1,0,1
750,818,9731,1,1,1,1,1
751,819,8687,1,1,1,1,1
752,820,8285,1,1,1,1,1
753,821,8336,1,1,1,1,1
754,822,9041,1,1,1,1,1
755,823,9104,1,1,1,1,1
756,824,9756,1,1,1,1,1
757,825,10853,1,1,1,1,1
758,826,8732,1,1,1,1,1
759,827,5853,1,1,1,1,1
760,828,6523,1,1,1,1,1
761,829,8071,1,1,1,1,1
762,830,8824,1,1,0,1,1
763,831,9382,1,1,1,1,1
764,832,9666,1,1,1,1,1
765,833,10079,1,1,1,1,1
766,834,10197,1,1,1,1,1
767,835,9864,1,1,1,1,1
768,836,10101,1,1,1,0,1
769,837,10124,1,1,1,1,1
770,838,9338,1,1,0,0,0
771,839,9396,1,1,0,1,1
772,840,8517,1,1,1,1,1
773,841,8909,1,1,1,0,1
774,842,8829,1,1,1,1,1
775,843,9893,1,1,1,1,1
776,844,10318,1,1,1,1,1
777,845,9095,1,1,1,1,1
778,846,8825,1,1,1,1,1
779,847,9126,1,1,1,1,1
780,848,9338,1,1,0,1,1
781,849,10316,1,1,1,0,1
782,850,10202,1,1,1,0,1
783,851,10161,1,1,1,1,1
784,852,11000,1,1,1,1,1
785,853,10267,1,1,1,0,1
786,854,10344,1,1,1,1,1
787,855,9802,1,1,1,1,1
788,856,7849,1,1,1,1,1
789,857,6835,1,1,1,1,1
790,858,7750,1,1,1,1,1
791,859,8731,1,1,1,1,1
792,860,8209,1,1,1,1,1
793,861,8019,1,1,1,1,1
794,862,8368,1,1,1,1,1
795,863,7894,1,1,1,1,1
796,864,7386,1,1,1,1,1
797,865,8098,1,1,1,1,1
798,866,7658,1,1,1,1,1
799,867,8126,1,1,1,1,1
800,868,8255,1,1,1,1,1
801,869,6834,1,1,1,1,1
802,870,6805,1,1,1,1,1
803,871,6754,1,1,1,1,1
804,872,7179,1,1,1,1,1
805,873,8473,1,1,1,1,1
806,874,8652,1,1,1,1,1
807,875,9574,1,1,1,1,1
808,876,10053,1,1,1,1,1
809,877,9476,1,1,1,1,1
810,878,8928,1,1,1,1,1
811,879,8777,1,1,1,1,1
812,880,8899,1,1,1,1,1
813,881,9457,1,1,1,1,1
814,882,10515,1,1,1,1,1
815,883,11482,1,1,1,1,1
816,884,8996,1,1,0,1,1
817,885,7369,1,1,1,1,1
818,886,6112,1,1,1,1,1
819,887,6518,1,1,1,1,1
820,888,7366,1,1,1,1,1
821,889,8197,1,1,1,1,1
822,890,8325,1,1,0,1,1
823,891,8553,1,1,1,1,1
824,892,8925,1,1,1,1,1
825,893,9173,1,1,1,1,1
826,894,8445,1,1,0,1,1
827,895,7548,1,1,1,1,1
828,896,6702,1,1,1,1,1
829,897,6787,1,1,1,1,1
830,898,7930,1,1,1,1,1
831,899,6519,1,1,1,1,1
832,900,4199,1,1,1,1,1
833,901,7236,1,1,1,1,1
834,902,7933,1,1,1,1,1
835,903,8639,1,1,1,0,1
836,904,8599,1,1,1,1,1
837,905,9616,1,1,1,1,1
838,906,9513,1,1,1,1,1
839,907,9368,1,1,1,1,1
840,908,8728,1,1,1,0,1
841,909,8877,1,1,1,1,1
842,910,8661,1,1,1,1,1
843,911,7990,1,1,1,1,1
844,912,7598,1,1,1,1,1
845,913,8293,1,1,0,0,0
846,914,8232,1,1,0,1,1
847,915,8938,1,1,1,1,1
848,916,8817,1,1,1,1,1
849,917,7937,1,1,1,1,1
850,918,7525,1,1,1,1,1
851,919,7752,1,1,1,1,1
852,920,7222,1,1,1,1,1
853,921,7131,1,1,1,0,1
854,922,7160,1,1,1,1,1
855,923,7464,1,1,1,1,1
856,924,7686,1,1,1,1,1
857,925,7917,1,1,0,1,1
858,926,8483,1,1,1,1,1
859,927,8638,1,1,1,1,1
860,928,8390,1,1,1,1,1
861,929,8931,1,1,1,1,1
862,930,8308,1,1,1,1,1
863,931,8818,1,1,1,1,1
864,932,9089,1,1,1,1,1
865,933,8477,1,1,1,1,1
866,934,8025,1,1,1,1,1
867,935,7729,1,1,1,1,1
868,936,8136,1,1,0,1,1
869,937,7002,1,1,1,1,1
870,938,7253,1,1,1,1,1
871,939,6888,1,1,1,1,1
872,940,7347,1,1,1,1,1
873,941,7998,1,1,1,1,1
874,942,8569,1,1,1,1,1
875,943,9014,1,1,1,1,1
876,944,8410,1,1,1,1,1
877,945,8545,1,1,1,1,1
878,946,9465,1,1,1,1,1
879,947,9163,1,1,1,1,1
880,948,8820,1,1,1,1,1
881,949,7605,1,1,1,1,1
882,950,7422,1,1,1,1,1
883,951,6463,1,1,1,1,1
884,952,6355,1,1,1,1,1
885,953,7044,1,1,1,1,1
886,954,7169,1,1,1,1,1
887,955,7061,1,1,1,1,1
888,956,6396,1,1,1,0,1
889,957,6429,1,1,1,1,1
890,958,6119,1,1,1,1,1
891,959,7534,1,1,1,1,1
892,960,9315,1,1,1,0,1
893,961,9321,1,1,1,1,1
894,962,8670,1,1,1,1,1
895,963,8369,1,1,1,1,1
896,964,7398,1,1,1,1,1
897,965,7910,1,1,1,1,1
898,966,7390,1,1,1,1,1
899,967,7473,1,1,1,1,1
900,968,7955,1,1,1,1,1
901,969,6495,1,1,1,1,1
902,970,5490,1,1,1,1,1
903,971,6088,1,1,1,0,1
904,972,6059,1,1,1,1,1
905,973,6408,1,1,1,1,1
906,974,7052,1,1,1,1,1
907,975,7776,1,1,1,1,1
908,976,8224,1,1,1,1,1
909,977,8342,1,1,1,1,1
910,978,8586,1,1,1,0,1
911,979,8442,1,1,1,0,1
912,980,8547,1,1,1,1,1
913,981,8202,1,1,1,1,1
914,982,8995,1,1,1,1,1
915,983,8300,1,1,1,0,1
916,984,8434,1,1,1,1,1
917,985,7847,1,1,0,1,1
918,986,7573,1,1,1,1,1
919,987,6878,1,1,1,1,1
920,988,6311,1,1,1,1,1
921,989,6799,1,1,1,1,1
922,990,7940,1,1,1,1,1
923,991,8537,1,1,1,1,1
924,992,9415,1,1,1,1,1
925,993,9826,1,1,1,1,1
926,994,10166,1,1,1,1,1
927,995,9276,1,1,1,1,1
928,996,10555,1,1,1,0,1
929,997,10535,1,1,1,1,1
930,998,11055,1,1,1,1,1
931,999,9687,1,1,1,1,1
932,1000,10409,1,1,1,1,1
933,1001,11102,1,1,1,1,1
934,1002,10713,1,1,1,1,1
935,1003,10432,1,1,1,1,1
936,1004,10137,1,1,1,1,1
937,1005,10447,1,1,1,1,1
938,1006,10216,1,1,1,1,1
939,1007,8906,1,1,1,1,1
940,1008,7653,1,1,1,1,1
941,1009,8780,1,1,1,1,1
942,1010,9004,1,1,1,1,1
943,1011,9937,1,1,1,1,1
944,1012,9554,1,1,1,1,1
945,1013,8819,1,1,1,1,1
946,1014,7570,1,1,1,1,1
947,1015,7761,1,1,1,1,1
948,1016,8104,1,1,1,0,1
949,1017,8031,1,1,1,0,1
950,1018,8047,1,1,1,1,1
951,1019,7477,1,1,1,1,1
952,1020,8197,1,1,1,1,1
953,1021,7407,1,1,1,1,1
954,1022,6996,1,1,1,1,1
955,1023,7543,1,1,1,1,1
956,1024,7958,1,1,1,1,1
957,1025,7336,1,1,1,1,1
958,1026,5787,1,1,1,1,1
959,1027,5165,1,1,1,1,1
960,1028,4868,1,1,1,1,1
961,1029,5790,1,1,1,1,1
962,1030,7174,1,1,1,1,1
963,1031,8628,1,1,1,1,1
964,1032,8952,1,1,1,1,1
965,1033,8455,1,1,1,1,1
966,1034,8655,1,1,1,1,1
967,1035,8509,1,1,1,1,1
968,1036,8220,1,1,1,1,1
969,1037,7993,1,1,1,1,1
970,1038,7850,1,1,0,1,1
971,1039,8025,1,1,1,1,1
972,1040,8292,1,1,1,0,1
973,1041,8150,1,1,1,1,1
974,1042,8254,1,1,1,1,1
975,1043,8411,1,1,1,1,1
976,1044,6577,1,1,1,1,1
977,1045,5954,1,1,1,1,1
978,1046,6173,1,1,1,0,1
979,1047,6147,1,1,1,0,1
980,1048,6021,1,1,1,1,1
981,1049,6834,1,1,1,1,1
982,1050,6937,1,1,1,1,1
983,1051,7094,1,1,1,1,1
984,1052,7162,1,1,1,1,1
985,1053,7204,1,1,1,0,1
986,1054,7154,1,1,1,1,1
987,1055,7918,1,1,1,0,1
988,1056,7796,1,1,1,1,1
989,1057,7988,1,1,1,1,1
990,1058,7448,1,1,0,1,1
991,1059,7056,1,1,1,1,1
992,1060,7662,1,1,1,1,1
993,1061,6927,1,1,1,1,1
994,1062,7279,1,1,1,1,1
995,1063,8181,1,1,1,1,1
996,1064,8245,1,1,1,1,1
997,1065,7914,1,1,1,1,1
998,1066,6833,1,1,1,1,1
999,1067,7256,1,1,1,1,1
1000,1068,6892,1,1,1,1,1
1001,1069,6547,1,1,1,1,1
1002,1070,6419,1,1,1,1,1
1003,1071,6601,1,1,1,1,1
1004,1072,6808,1,1,1,1,1
1005,1073,7195,1,1,0,1,1
1006,1074,7761,1,1,1,1,1
1007,1075,7837,1,1,1,0,1
1008,1076,7718,1,1,1,1,1
1009,1077,8502,1,1,1,1,1
1010,1078,7968,1,1,1,1,1
1011,1079,7605,1,1,1,1,1
1012,1080,6799,1,1,1,1,1
1013,1081,6400,1,1,1,1,1
1014,1082,6823,1,1,1,1,1
1015,1083,7182,1,1,1,1,1
1016,1084,7223,1,1,0,1,1
1017,1085,7473,1,1,1,1,1
1018,1086,7996,1,1,1,1,1
1019,1087,8302,1,1,1,1,1
1020,1088,8691,1,1,1,1,1
1021,1089,8866,1,1,1,1,1
1022,1090,8258,1,1,1,1,1
1023,1091,7805,1,1,1,1,1
1024,1092,8255,1,1,1,1,1
1025,1093,8144,1,1,1,1,1
1026,1094,6806,1,1,1,1,1
1027,1095,6498,1,1,1,1,1
1028,1096,6457,1,1,1,1,1
1029,1097,5916,1,1,1,1,1
1030,1098,5353,1,1,1,1,1
1031,1099,4382,1,1,1,1,1
1032,1100,4921,1,1,1,1,1
1033,1101,5959,1,1,1,1,1
1034,1102,6088,1,1,1,1,1
1035,1103,7842,1,1,1,1,1
1036,1104,8577,1,1,1,1,1
1037,1105,9346,1,1,1,1,1
1038,1106,9123,1,1,1,1,1
1039,1107,9076,1,1,1,1,1
1040,1108,8560,1,1,1,1,1
1041,1109,8461,1,1,1,1,1
1042,1110,7642,1,1,0,1,1
1043,1111,7094,1,1,1,1,1
1044,1112,6416,1,1,1,1,1
1045,1113,5905,1,1,1,1,1
1046,1114,5995,1,1,1,1,1
1047,1115,6275,1,1,1,1,1
1048,1116,6324,1,1,1,0,1
1049,1117,6264,1,1,1,1,1
1050,1118,7029,1,1,0,1,1
1051,1119,7763,1,1,1,1,1
1052,1120,7560,1,1,1,1,1
1053,1121,7938,1,1,1,1,1
1054,1122,8556,1,1,1,1,1
1055,1123,8170,1,1,1,1,1
1056,1124,8589,1,1,1,1,1
1057,1125,8699,1,1,1,1,1
1058,1126,4022,1,1,1,0,1
